tweet,sentimiento,puntaje_positivo,puntaje_negativo,puntaje_neutral,tiempo_fuzzy,defuzzificaci√≥n,sentimiento_defuzz,tiempo_defuzzificar,tiempo_total
i loooooooovvvvvveee my kindle not that the dx is cool but the is fantastic in its own right,Positivo,0.4,0.0,0.618,1.9800005247816443e-05,5.87,Neutral,0.00013770000077784061,0.00015750000602565706
reading my kindle love it lee childs is good read,Positivo,0.5,0.0,0.53,8.700008038431406e-06,7.67,Positivo,6.289999873843044e-05,7.160000677686185e-05
ok first assesment of the kindle it fucking rocks,Positivo,0.2,0.0,0.784,8.100003469735384e-06,4.98,Neutral,5.6599994422867894e-05,6.469999789260328e-05
you will love your kindle I have had mine for a few months and never looked back the new big one is huge no need for remorse,Positivo,0.2,0.1,0.66,8.300004992634058e-06,4.88,Neutral,9.879999561235309e-05,0.00010710000060498714
fair enough but i have the kindle and i think it is perfect,Positivo,0.4,0.0,0.573,7.599999662488699e-06,5.87,Neutral,5.6900011259131134e-05,6.450001092161983e-05
no it is too big I am quite happy with the kindle,Positivo,0.3,0.1,0.592,8.200004231184721e-06,5.12,Neutral,5.129999772179872e-05,5.950000195298344e-05
fuck this economy i hate aig and their non loan given asses,Negativo,0.0,0.4,0.556,7.700000423938036e-06,3.09,Negativo,5.4100004490464926e-05,6.180000491440296e-05
jquery is my new best friend,Positivo,0.6,0.0,0.351,8.100003469735384e-06,7.67,Positivo,5.220000457484275e-05,6.0300008044578135e-05
loves twitter,Positivo,0.8,0.0,0.213,7.800001185387373e-06,7.6,Positivo,4.870000702794641e-05,5.6500008213333786e-05
how can you not love obama he makes jokes about himself,Positivo,0.1,0.2,0.626,8.300004992634058e-06,4.52,Neutral,5.319999763742089e-05,6.150000263005495e-05
i firmly believe that obama pelosi have zero desire to be civil it is a charade and a slogan but they want to destroy conservatism,Negativo,0.1,0.2,0.702,8.200004231184721e-06,4.52,Neutral,5.149999924469739e-05,5.970000347588211e-05
house correspondents dinner was last night whoopi barbara amp sherri went obama got a standing ovation,Positivo,0.0,0.0,1.0,7.299997378140688e-06,4.91,Neutral,6.590000702999532e-05,7.320000440813601e-05
watchin espn jus seen this new nike commerical with a puppet lebron sh t was hilarious lmao,Positivo,0.3,0.0,0.663,7.700000423938036e-06,5.26,Neutral,5.6200005928985775e-05,6.390000635292381e-05
dear nike stop with the flywire that shit is a waste of science and ugly love,Negativo,0.2,0.4,0.325,8.000002708286047e-06,3.99,Neutral,8.529999468009919e-05,9.329999738838524e-05
lebron best athlete of our generation if not all time basketball related i do not want to get into inter sport debates about __,Positivo,0.2,0.0,0.795,7.800001185387373e-06,4.98,Neutral,5.740000051446259e-05,6.520000169984996e-05
i was talking to this guy last night and he was telling me that he is a die hard spurs fan he also told me that he hates lebron james,Negativo,0.1,0.2,0.696,8.100003469735384e-06,4.52,Neutral,6.079999729990959e-05,6.890000076964498e-05
i love lebron,Positivo,0.8,0.0,0.192,7.800001185387373e-06,7.6,Positivo,4.999998782295734e-05,5.779998900834471e-05
lebron is a beast but I am still cheering the a til the end,Negativo,0.3,0.0,0.692,8.000002708286047e-06,5.26,Neutral,5.40999899385497e-05,6.209999264683574e-05
lebron is the boss,Positivo,0.0,0.0,1.0,7.700000423938036e-06,4.91,Neutral,6.079999729990959e-05,6.849999772384763e-05
lebron is a hometown hero to me lol i love the lakers but let s go cavs lol,Positivo,0.5,0.0,0.512,7.90000194683671e-06,7.67,Positivo,4.680000711232424e-05,5.470000905916095e-05
lebron and zydrunas are such an awesome duo,Positivo,0.4,0.0,0.631,7.499998901039362e-06,5.87,Neutral,5.830000736750662e-05,6.580000626854599e-05
lebron is a beast nobody in the nba comes even close,Positivo,0.0,0.0,1.0,7.499998901039362e-06,4.91,Neutral,5.870001041330397e-05,6.620000931434333e-05
downloading apps for my iphone so much fun there literally is an app for just about anything,Positivo,0.2,0.0,0.817,8.099988917820156e-06,4.98,Neutral,5.360000068321824e-05,6.16999896010384e-05
good news just had a call from the visa office saying everything is fine what a relief i am sick of scams out there stealing,Positivo,0.2,0.3,0.462,8.199989679269493e-06,4.11,Neutral,5.0000002374872565e-05,5.819999205414206e-05
awesome come back from via,Positivo,0.5,0.0,0.494,7.90000194683671e-06,7.67,Positivo,5.9999991208314896e-05,6.78999931551516e-05
in montreal for a long weekend of r amp r much needed,Positivo,0.0,0.0,1.0,7.300011930055916e-06,4.91,Neutral,6.049999501556158e-05,6.78000069456175e-05
booz allen hamilton has a bad ass homegrown social collaboration platform way cool ttiv,Positivo,0.4,0.0,0.578,7.700000423938036e-06,5.87,Neutral,5.360000068321824e-05,6.130000110715628e-05
mluc customer innovation award winner booz allen hamilton,Positivo,0.7,0.0,0.336,8.200004231184721e-06,7.6,Positivo,4.6999994083307683e-05,5.5199998314492404e-05
i current use the nikon d and love it but not as much as the canon d d i chose the d for the video feature my mistake,Positivo,0.1,0.1,0.778,8.29999044071883e-06,4.81,Neutral,6.299999949987978e-05,7.129998994059861e-05
google is always a good place to look should ve mentioned i worked on the mustang w my dad,Positivo,0.2,0.0,0.838,8.200004231184721e-06,4.98,Neutral,5.499999679159373e-05,6.320000102277845e-05
played with an android google phone the slide out screen scares me i would break that fucker so fast still prefer my iphone,Negativo,0.1,0.2,0.676,8.300004992634058e-06,4.52,Neutral,5.6500008213333786e-05,6.480001320596784e-05
us planning to resume the military tribunals at guantanamo bay only this time those on trial will be aig execs and chrysler debt holders,Negativo,0.0,0.1,0.902,7.90000194683671e-06,4.81,Neutral,5.60000044060871e-05,6.390000635292381e-05
omg so bored amp my tattoooos are so itchy help aha,Negativo,0.2,0.3,0.497,8.300004992634058e-06,4.11,Neutral,5.780000356025994e-05,6.6100008552894e-05
I am itchy and miserable,Negativo,0.0,0.7,0.274,8.200004231184721e-06,1.86,Negativo,6.049999501556158e-05,6.86999992467463e-05
no I am not itchy for now maybe later lol,Negativo,0.4,0.2,0.468,8.199989679269493e-06,5.12,Neutral,5.439999222289771e-05,6.25999819021672e-05
rt i love the nerdy stanford human biology videos makes me miss school,Positivo,0.3,0.2,0.562,8.29999044071883e-06,4.79,Neutral,4.940001235809177e-05,5.77000027988106e-05
has been a bit crazy with steep learning curve but lyx is really good for long docs for anything shorter it would be insane,Positivo,0.1,0.2,0.677,8.200004231184721e-06,4.52,Neutral,5.160000000614673e-05,5.980000423733145e-05
I am listening to p y t by danny gokey lt lt lt aww he is so amazing i lt him so much,Positivo,0.2,0.0,0.777,7.90000194683671e-06,4.98,Neutral,5.5599986808374524e-05,6.349998875521123e-05
is going to sleep then on a bike ride,Positivo,0.0,0.0,1.0,7.700000423938036e-06,4.91,Neutral,5.8299992815591395e-05,6.599999323952943e-05
cant sleep my tooth is aching,Negativo,0.0,0.4,0.61,7.800001185387373e-06,3.09,Negativo,5.390000296756625e-05,6.170000415295362e-05
blah blah blah same old same old no plans today going back to sleep i guess,Negativo,0.0,0.4,0.632,9.399998816661537e-06,3.09,Negativo,5.3099996875971556e-05,6.249999569263309e-05
glad i didnt do bay to breakers today it is freaking degrees in san francisco wtf,Negativo,0.1,0.3,0.556,8.400005754083395e-06,3.99,Neutral,6.0699996538460255e-05,6.910000229254365e-05
obama administration must stop bonuses to aig ponzi schemers,Negativo,0.3,0.2,0.547,8.399991202168167e-06,4.79,Neutral,4.990000161342323e-05,5.8299992815591395e-05
started to think that citi is in really deep s amp t are they gonna survive the turmoil or are they gonna be the next aig,Negativo,0.0,0.1,0.902,8.100003469735384e-06,4.81,Neutral,5.560000136028975e-05,6.370000483002514e-05
shaunwoo hate n on aig,Negativo,0.0,0.6,0.448,8.300004992634058e-06,1.72,Negativo,7.490000280085951e-05,8.320000779349357e-05
you will not regret going to see star trek it was awesome,Positivo,0.4,0.0,0.609,7.999988156370819e-06,5.87,Neutral,6.27999979769811e-05,7.079998613335192e-05
annoying new trend on the internets people picking apart michael lewis and malcolm gladwell nobody wants to read that,Negativo,0.0,0.1,0.87,8.099988917820156e-06,4.81,Neutral,5.679999594576657e-05,6.489998486358672e-05
highly recommend by malcolm gladwell,Positivo,0.4,0.0,0.589,9.000010322779417e-06,5.87,Neutral,5.4899996030144393e-05,6.390000635292381e-05
blink by malcolm gladwell amazing book and the tipping point,Positivo,0.3,0.0,0.703,7.800001185387373e-06,5.26,Neutral,5.26000076206401e-05,6.040000880602747e-05
malcolm gladwell might be my new man crush,Positivo,0.0,0.2,0.814,7.700000423938036e-06,4.52,Neutral,5.220000457484275e-05,5.990000499878079e-05
omg the commercials alone on espn are going to drive me nuts,Negativo,0.0,0.3,0.699,7.700000423938036e-06,3.99,Neutral,5.3100011427886784e-05,6.080001185182482e-05
playing with twitter api sounds fun may need to take a class or find a new friend who like to generate results with api code,Positivo,0.4,0.0,0.638,7.800001185387373e-06,5.87,Neutral,5.360000068321824e-05,6.140000186860561e-05
hello twitter api,Positivo,0.0,0.0,1.0,7.299997378140688e-06,4.91,Neutral,5.709999823011458e-05,6.439999560825527e-05
because the twitter api is slow and most client s are not good,Negativo,0.0,0.2,0.821,7.800001185387373e-06,4.52,Neutral,5.200000305194408e-05,5.980000423733145e-05
yahoo answers can be a butt sometimes,Negativo,0.0,0.0,1.0,7.499998901039362e-06,4.91,Neutral,6.520000169984996e-05,7.270000060088933e-05
is scrapbooking with nic d,Positivo,0.0,0.0,1.0,7.199996616691351e-06,4.91,Neutral,6.189999112393707e-05,6.909998774062842e-05
rt five things wolfram alpha does better and vastly different than google,Positivo,0.2,0.0,0.791,7.700000423938036e-06,4.98,Neutral,5.390000296756625e-05,6.160000339150429e-05
just changed my default pic to a nike basketball cause bball is awesome,Positivo,0.3,0.0,0.728,8.000002708286047e-06,5.26,Neutral,5.230000533629209e-05,6.0300008044578135e-05
rt was just told that nike layoffs started today,Negativo,0.0,0.0,1.0,7.599999662488699e-06,4.91,Neutral,6.740000389982015e-05,7.500000356230885e-05
back when i worked for nike we had one fav word just do it,Positivo,0.2,0.0,0.8,7.800001185387373e-06,4.98,Neutral,5.570000212173909e-05,6.350000330712646e-05
by the way I am totally inspired by this freaky nike commercial,Positivo,0.2,0.2,0.6,8.399991202168167e-06,4.61,Neutral,5.119999696034938e-05,5.959998816251755e-05
class the d is supposed to come today,Positivo,0.0,0.0,1.0,7.499998901039362e-06,4.91,Neutral,5.789998976979405e-05,6.539998867083341e-05
needs someone to explain lambda calculus to him,Negativo,0.0,0.0,1.0,7.499998901039362e-06,4.91,Neutral,6.570000550709665e-05,7.320000440813601e-05
took the graduate field exam for computer science today nothing makes you feel like more of an idiot than lambda calculus,Negativo,0.1,0.1,0.758,8.29999044071883e-06,4.81,Neutral,5.7199998991563916e-05,6.549998943228275e-05
shout outs to all east palo alto for being in the buildin karizmakaze cal gta also thanks to profits of doom universal hempz cracka,Positivo,0.2,0.1,0.712,8.199989679269493e-06,4.88,Neutral,5.2099989261478186e-05,6.029997894074768e-05
yeahhhhhhhhh i would not really have lived in east palo alto if i could have avoided it i guess it is only for the summer,Negativo,0.0,0.1,0.897,8.000002708286047e-06,4.81,Neutral,6.180000491440296e-05,6.980000762268901e-05
great stanford course thanks for making it available to the public really helpful and informative for starting off,Positivo,0.4,0.0,0.598,7.700000423938036e-06,5.87,Neutral,6.500000017695129e-05,7.270000060088933e-05
work til pm lets go lakers,Positivo,0.0,0.0,1.0,7.700000423938036e-06,4.91,Neutral,5.919999966863543e-05,6.690000009257346e-05
damn you north korea,Negativo,0.0,0.5,0.526,8.000002708286047e-06,1.67,Negativo,4.980000085197389e-05,5.780000356025994e-05
can we just go ahead and blow north korea off the map already,Negativo,0.0,0.0,1.0,1.7600003047846258e-05,4.91,Neutral,5.919999966863543e-05,7.680000271648169e-05
north korea please cease this douchebaggery china does not even like you anymore,Negativo,0.1,0.1,0.714,8.59999272506684e-06,4.81,Neutral,6.900000153109431e-05,7.759999425616115e-05
why the hell is pelosi in freakin china and on whose dime,Negativo,0.0,0.3,0.705,7.90000194683671e-06,3.99,Neutral,5.329999839887023e-05,6.120000034570694e-05
are you burning more cash than chrysler and gm stop the financial tsunami where bailout means taking a handout,Negativo,0.0,0.2,0.816,7.90000194683671e-06,4.52,Neutral,5.319999763742089e-05,6.10999995842576e-05
insects have infected my spinach plant,Negativo,0.0,0.4,0.61,8.000002708286047e-06,3.09,Negativo,5.300001066643745e-05,6.1000013374723494e-05
wish i could catch every mosquito in the world n burn em slowly they been bitin the shit outta me day mosquitos are the assholes of insects,Negativo,0.2,0.1,0.677,8.200004231184721e-06,4.88,Neutral,9.14999982342124e-05,9.970000246539712e-05
just got back from church and i totally hate insects,Negativo,0.0,0.3,0.667,8.000002708286047e-06,3.99,Neutral,5.43000060133636e-05,6.230000872164965e-05
just got mcdonalds goddam those eggs make me sick o yeah laker up date go lakers not much of an update well it is true so suck it,Negativo,0.2,0.3,0.543,8.200004231184721e-06,4.11,Neutral,5.0000002374872565e-05,5.8200006606057286e-05
omgg i ohhdee want mcdonalds damn i wonder if its open lol,Positivo,0.3,0.2,0.507,8.100003469735384e-06,4.79,Neutral,4.959999932907522e-05,5.77000027988106e-05
history exam studying ugh,Negativo,0.0,0.5,0.517,7.90000194683671e-06,1.67,Negativo,4.919999628327787e-05,5.709999823011458e-05
i hate revision it is so boring i am totally unprepared for my exam tomorrow things are not looking good,Negativo,0.0,0.4,0.622,7.800001185387373e-06,3.09,Negativo,6.159998883958906e-05,6.939999002497643e-05
higher physics exam tommorow not lookin forward to it much,Negativo,0.0,0.0,1.0,7.399998139590025e-06,4.91,Neutral,5.830000736750662e-05,6.570000550709665e-05
it is a bank holiday yet I am only out of work now exam season sucks,Negativo,0.2,0.1,0.698,1.3600001693703234e-05,4.88,Neutral,5.220000457484275e-05,6.580000626854599e-05
cheney and bush are the real culprits,Negativo,0.0,0.0,1.0,7.399998139590025e-06,4.91,Neutral,5.879999662283808e-05,6.61999947624281e-05
life s a bitch and so is dick cheney p bipart tlot tcot hhrs gop dnc,Negativo,0.0,0.4,0.599,7.800001185387373e-06,3.09,Negativo,5.989999044686556e-05,6.769999163225293e-05
dick cheney s dishonest speech about torture terror and obama fred kaplan slate,Negativo,0.0,0.6,0.359,8.200004231184721e-06,1.72,Negativo,4.980000085197389e-05,5.800000508315861e-05
the republican party is a bunch of anti abortion zealots who could not draw flies to a dump neal boortz just now on the radio,Negativo,0.1,0.2,0.669,8.200004231184721e-06,4.52,Neutral,5.839999357704073e-05,6.659999780822545e-05
is twitter s connections api broken some tweets did not make it to twitter,Negativo,0.0,0.2,0.795,8.000002708286047e-06,4.52,Neutral,5.229999078437686e-05,6.029999349266291e-05
i srsly hate the stupid twitter api timeout thing soooo annoying,Negativo,0.0,0.6,0.417,7.90000194683671e-06,1.72,Negativo,5.7600002037361264e-05,6.550000398419797e-05
i really liked learning jquery book is worth a look too,Positivo,0.4,0.0,0.584,7.700000423938036e-06,5.87,Neutral,5.7999990531243384e-05,6.569999095518142e-05
very interesting ad from adobe by goodby silverstein amp partners youtube adobe cs le sens propre,Positivo,0.2,0.0,0.834,7.90000194683671e-06,4.98,Neutral,5.319999763742089e-05,6.10999995842576e-05
goodby silverstein agency new site great,Positivo,0.5,0.0,0.549,7.800001185387373e-06,7.67,Positivo,4.739999712910503e-05,5.5199998314492404e-05
rt goodby silverstein s new site i enjoy it nice find,Positivo,0.5,0.0,0.538,7.899987394921482e-06,7.67,Positivo,4.6899993321858346e-05,5.479998071677983e-05
the ever amazing psyop and goodby silverstein amp partners for hp have to go play with after effects now,Positivo,0.3,0.0,0.733,7.800001185387373e-06,5.26,Neutral,6.120000034570694e-05,6.900000153109431e-05
top ten most watched on viral video chart love the nike mostvaluablepuppets campaign from wieden amp kennedy,Positivo,0.3,0.0,0.714,7.800001185387373e-06,5.26,Neutral,5.200000305194408e-05,5.980000423733145e-05
zomg i have a g,Positivo,0.0,0.0,1.0,7.299997378140688e-06,4.91,Neutral,5.7600002037361264e-05,6.489999941550195e-05
ok so lots of buzz from io but how lucky are they a free g,Positivo,0.5,0.0,0.506,8.200004231184721e-06,7.67,Positivo,4.6899993321858346e-05,5.509999755304307e-05
just got a free g android at google i o,Positivo,0.4,0.0,0.602,7.700000423938036e-06,5.87,Neutral,6.170000415295362e-05,6.940000457689166e-05
guess I will be retiring my g and start using my developer g woot googleio,Positivo,0.2,0.0,0.797,7.90000194683671e-06,4.98,Neutral,5.429999146144837e-05,6.219999340828508e-05
i am happy for philip being at googleio today,Positivo,0.3,0.0,0.654,7.90000194683671e-06,5.26,Neutral,5.250000685919076e-05,6.040000880602747e-05
lakers played great cannot wait for thursday night lakers vs,Positivo,0.4,0.0,0.552,7.700000423938036e-06,5.87,Neutral,5.339999916031957e-05,6.10999995842576e-05
judd apatow creates fake sitcom on nbc com to market his new movie viral marketing at its best,Positivo,0.3,0.1,0.615,8.100003469735384e-06,5.12,Neutral,8.489999163430184e-05,9.299999510403723e-05
viral marketing fail this acia pills brand oughta get shut down for hacking into people s messenger s i get msgs in a day arrrgh,Negativo,0.0,0.1,0.851,7.700000423938036e-06,4.81,Neutral,5.889999738428742e-05,6.659999780822545e-05
watching night at the museum lmao,Positivo,0.4,0.0,0.562,7.700000423938036e-06,5.87,Neutral,5.5900003644637764e-05,6.36000040685758e-05
i loved night at the museum,Positivo,0.5,0.0,0.506,7.90000194683671e-06,7.67,Positivo,5.0700007705017924e-05,5.8600009651854634e-05
just got back from the movies went to see the new night at the museum with rachel it was good,Positivo,0.1,0.0,0.868,8.100003469735384e-06,4.91,Neutral,5.750000127591193e-05,6.560000474564731e-05
i will take you on a date to see night at the museum whenever you want it looks soooooo good,Positivo,0.2,0.0,0.792,7.90000194683671e-06,4.98,Neutral,5.530001362785697e-05,6.320001557469368e-05
no watching the night at the museum getting really good,Positivo,0.2,0.2,0.597,8.200004231184721e-06,4.61,Neutral,5.0700007705017924e-05,5.8900011936202645e-05
night at the museum wolverine and junk food perfect monday,Positivo,0.3,0.0,0.709,8.399991202168167e-06,5.26,Neutral,5.18000015290454e-05,6.019999273121357e-05
saw night at the museum last night pretty crazy movie but the cast was awesome so it was well worth it robin williams forever,Positivo,0.4,0.1,0.561,8.600007276982069e-06,5.67,Neutral,5.440000677481294e-05,6.3000014051795e-05
night at the museum tonite instead of up oh well that yr old better enjoy it lol,Negativo,0.5,0.0,0.542,8.200004231184721e-06,7.67,Positivo,5.7199998991563916e-05,6.540000322274864e-05
it is unfortunate that after the stimulus plan was put in place twice to help gm on the back of the american people has led to the inevitable,Negativo,0.1,0.1,0.82,8.59999272506684e-06,4.81,Neutral,6.410000787582248e-05,7.270000060088933e-05
tell me again why we are giving more to gm we should use that for all the programs that support the unemployed,Negativo,0.2,0.0,0.797,8.000002708286047e-06,4.98,Neutral,5.9300000430084765e-05,6.730000313837081e-05
oh yes but if gm dies it will only be worth more boo hahaha,Negativo,0.5,0.0,0.536,8.200004231184721e-06,7.67,Positivo,4.8000001697801054e-05,5.6200005928985775e-05
time warner cable is down again rd time since memorial day bummer,Negativo,0.0,0.2,0.809,7.800001185387373e-06,4.52,Neutral,6.150000263005495e-05,6.930000381544232e-05
i would rather pay reasonable yearly taxes for free fast internet than get gouged by time warner for a slow connection,Negativo,0.2,0.1,0.783,8.700008038431406e-06,4.88,Neutral,5.429999146144837e-05,6.299999949987978e-05
nooooooo my dvr just died and i was only half way through the ea presser hate you time warner,Negativo,0.0,0.3,0.687,8.099988917820156e-06,3.99,Neutral,5.220000457484275e-05,6.029999349266291e-05
f ck time warner cable you f cking suck balls i have a hd tv amp my damn hd channels hardly ever come in bullshit,Negativo,0.0,0.3,0.657,8.500006515532732e-06,3.99,Neutral,5.1700000767596066e-05,6.02000072831288e-05
time warner has the worse customer service ever i will never use them again,Negativo,0.0,0.2,0.795,8.400005754083395e-06,4.52,Neutral,5.259999306872487e-05,6.0999998822808266e-05
time warner is the devil worst possible time for the internet to go out,Negativo,0.0,0.4,0.585,8.199989679269493e-06,3.09,Negativo,5.809999129269272e-05,6.629998097196221e-05
fuck no internet damn time warner,Negativo,0.0,0.7,0.263,2.2500011255033314e-05,1.86,Negativo,5.18000015290454e-05,7.430001278407872e-05
time warner really picks the worst time to not work all i want to do is get to mtv com so i can watch the hills wtfffff,Negativo,0.0,0.2,0.805,8.100003469735384e-06,4.52,Neutral,7.910000567790121e-05,8.720000914763659e-05
i hate time warner soooo wish i had vios cant watch the fricken mets game w o buffering i feel like im watching free internet porn,Negativo,0.3,0.1,0.582,8.300004992634058e-06,5.12,Neutral,5.370000144466758e-05,6.200000643730164e-05
ahh got rid of stupid time warner today amp now taking a nap while the roomies cook for me pretty good end for a monday,Negativo,0.2,0.1,0.678,9.399998816661537e-06,4.88,Neutral,6.170000415295362e-05,7.110000296961516e-05
time warner s hd line up is crap,Negativo,0.0,0.3,0.698,8.000002708286047e-06,3.99,Neutral,5.219999002292752e-05,6.019999273121357e-05
is being fucked by time warner cable didnt know modems could explode and susan boyle sucks too,Negativo,0.0,0.3,0.685,7.90000194683671e-06,3.99,Neutral,5.079999391455203e-05,5.869999586138874e-05
time warner cable slogan where calling it a day at pm happens,Negativo,0.0,0.0,1.0,7.700000423938036e-06,4.91,Neutral,5.7999990531243384e-05,6.569999095518142e-05
recovering from surgery wishing was here,Negativo,0.3,0.0,0.725,7.90000194683671e-06,5.26,Neutral,5.869999586138874e-05,6.659999780822545e-05
my wrist still hurts i have to get it looked at i hate the dr dentist scary places time to watch eagle eye if you want to join txt,Positivo,0.1,0.3,0.62,8.300004992634058e-06,3.99,Neutral,5.299999611452222e-05,6.130000110715628e-05
the dentist lied u will not feel any discomort prob will not even need pain pills man u twippin this shit hurt how many pills can i take,Negativo,0.1,0.3,0.619,8.29999044071883e-06,3.99,Neutral,5.1399998483248055e-05,5.9699988923966885e-05
my dentist is great but she is expensive,Negativo,0.3,0.0,0.733,7.899987394921482e-06,5.26,Neutral,5.200000305194408e-05,5.989999044686556e-05
is studing math tomorrow exam and dentist,Positivo,0.0,0.0,1.0,7.700000423938036e-06,4.91,Neutral,5.830000736750662e-05,6.600000779144466e-05
my dentist was wrong wrong,Negativo,0.0,0.7,0.326,7.899987394921482e-06,1.86,Negativo,5.299999611452222e-05,6.08999835094437e-05
going to the dentist later,Negativo,0.0,0.0,1.0,7.50001345295459e-06,4.91,Neutral,5.8999998145736754e-05,6.650001159869134e-05
son has me looking at cars online i hate car shopping would rather go to the dentist anyone with a good car at a good price to sell,Negativo,0.2,0.1,0.698,8.29999044071883e-06,4.88,Neutral,5.259999306872487e-05,6.08999835094437e-05
luke and i got stopped walking out of safeway and asked to empty our pockets and lift our shirts how jacked up is that,Negativo,0.0,0.1,0.85,7.90000194683671e-06,4.81,Neutral,5.5900003644637764e-05,6.380000559147447e-05
safeway is very rock n roll tonight,Positivo,0.0,0.0,1.0,7.599999662488699e-06,4.91,Neutral,6.70000008540228e-05,7.46000005165115e-05
the safeway bathroom still smells like ass,Negativo,0.2,0.3,0.455,8.600007276982069e-06,4.11,Neutral,5.0699993153102696e-05,5.9300000430084765e-05
at safeway on elkhorn they move like they are dead,Negativo,0.2,0.3,0.541,8.200004231184721e-06,4.11,Neutral,5.0000002374872565e-05,5.8200006606057286e-05
i love dwight howard s vitamin water commercial now i wish he was with nike and not adidas lol,Positivo,0.4,0.1,0.512,8.100003469735384e-06,5.67,Neutral,5.2799994591623545e-05,6.089999806135893e-05
found nothing at nike factory off to banana republic outlet,Negativo,0.0,0.0,1.0,7.499998901039362e-06,4.91,Neutral,6.410000787582248e-05,7.160000677686185e-05
is lovin his nike already and that s only from running on the spot in his bedroom,Positivo,0.0,0.0,1.0,7.599999662488699e-06,4.91,Neutral,5.9600002714432776e-05,6.720000237692147e-05
i finally got around to using jquery to make my bio collapse yay for slide animations,Positivo,0.2,0.2,0.663,8.300004992634058e-06,4.61,Neutral,0.00019040000915993005,0.0001987000141525641
right lol we will get there i have high expectations warren buffet style,Positivo,0.2,0.0,0.797,7.90000194683671e-06,4.98,Neutral,7.900000491645187e-05,8.690000686328858e-05
rt rt great someone s sitting in the shade today because someone planted a tree a long time ago warren buffet,Positivo,0.2,0.0,0.806,7.90000194683671e-06,4.98,Neutral,7.360000745393336e-05,8.150000940077007e-05
warren buffet became for a time the richest man in the united states not by working but investing in big idea which lead to the fortune,Positivo,0.2,0.0,0.849,7.90000194683671e-06,4.98,Neutral,6.02000072831288e-05,6.810000922996551e-05
according to the create a school notre dame will have receivers in ncaa at or higher rating sweet,Positivo,0.3,0.0,0.746,7.90000194683671e-06,5.26,Neutral,5.6199991377070546e-05,6.409999332390726e-05
it is definitely under warranty amp my experience is the amazon support for kindle is great had to contact them about my kindle,Positivo,0.4,0.0,0.629,7.90000194683671e-06,5.87,Neutral,5.699999746866524e-05,6.489999941550195e-05
time warner road runner customer support here absolutely blows i hate not having other high speed net options I am ready to go nuclear,Negativo,0.2,0.1,0.674,8.300004992634058e-06,4.88,Neutral,6.469999789260328e-05,7.300000288523734e-05
time warner cable phone reps r dumber than nails ugh cable was working mins ago now its not wtf,Negativo,0.1,0.2,0.642,8.29999044071883e-06,4.52,Neutral,5.6899996707215905e-05,6.519998714793473e-05
we tried but time warner wasn t being nice so we recorded today,Negativo,0.3,0.0,0.748,7.90000194683671e-06,5.26,Neutral,5.6200005928985775e-05,6.410000787582248e-05
omg time warner f ed up my internet install instead of today its now next saturday another week w o internet amp ehfa v fhg fml,Negativo,0.0,0.0,1.0,7.599999662488699e-06,4.91,Neutral,6.399999256245792e-05,7.159999222494662e-05
wth i have never seen a line this loooong at time warner before ugh,Negativo,0.0,0.4,0.617,7.90000194683671e-06,3.09,Negativo,5.509999755304307e-05,6.299999949987978e-05
impatiently awaiting the arrival of the time warner guy it is way too pretty to be inside all afternoon,Negativo,0.1,0.1,0.742,8.400005754083395e-06,4.81,Neutral,6.199999188538641e-05,7.03999976394698e-05
naive bayes using em for text classification really frustrating,Negativo,0.0,0.4,0.569,8.999995770864189e-06,3.09,Negativo,5.5800002883188426e-05,6.479999865405262e-05
we went to stanford university today got a tour made me want to go back to college it is also decided all of our kids will go there,Positivo,0.0,0.0,0.952,8.300004992634058e-06,4.91,Neutral,6.180000491440296e-05,7.010000990703702e-05
if you are being harassed by calls about your car warranty changing your number will not fix that they call every number d bags,Negativo,0.1,0.1,0.766,8.999995770864189e-06,4.81,Neutral,5.700001202058047e-05,6.600000779144466e-05
just blocked united blood services using google voice they call more than those car warranty guys,Negativo,0.1,0.1,0.741,8.800008799880743e-06,4.81,Neutral,6.130000110715628e-05,7.010000990703702e-05
at amp t is complete fail,Negativo,0.0,0.5,0.533,8.699993486516178e-06,1.67,Negativo,5.230000533629209e-05,6.0999998822808266e-05
oh snap you work at at amp t do not you,Negativo,0.0,0.0,1.0,8.300004992634058e-06,4.91,Neutral,6.0399994254112244e-05,6.86999992467463e-05
i really dont want at amp t phone service they suck when it comes to having a signal,Negativo,0.0,0.3,0.747,8.500006515532732e-06,3.99,Neutral,5.329999839887023e-05,6.180000491440296e-05
i say we just cut out the small talk at amp t s new slogan f__k you give us your money apologies to bob geldof,Negativo,0.0,0.1,0.909,8.499991963617504e-06,4.81,Neutral,8.560001151636243e-05,9.410000347997993e-05
pissed about at amp t s mid contract upgrade price for the iphone it is more I am not going to pay for something i thought was,Negativo,0.0,0.2,0.793,8.600007276982069e-06,4.52,Neutral,5.4899996030144393e-05,6.350000330712646e-05
safari is fast even on my shitty at amp t tethering,Negativo,0.0,0.3,0.714,8.499991963617504e-06,3.99,Neutral,5.300001066643745e-05,6.150000263005495e-05
what is at amp t fucking up,Negativo,0.0,0.0,1.0,8.100003469735384e-06,4.91,Neutral,5.9999991208314896e-05,6.809999467805028e-05
at amp t dropped the ball and is not supporting crap with the new iphone fail att sucks,Negativo,0.1,0.4,0.551,1.0799994925037026e-05,3.09,Negativo,6.199999188538641e-05,7.279998681042343e-05
yay glad you got the phone still damn you at amp t,Negativo,0.4,0.2,0.468,8.400005754083395e-06,5.12,Neutral,5.599998985417187e-05,6.439999560825527e-05
talk is cheap bing that I will stick with google,Negativo,0.0,0.0,1.0,7.599999662488699e-06,4.91,Neutral,6.049999501556158e-05,6.809999467805028e-05
wtf is the point of deleting tweets if they can still be found in summize and searches twitter please fix that thanks and bye,Negativo,0.2,0.1,0.7,8.600007276982069e-06,4.88,Neutral,5.360000068321824e-05,6.220000796020031e-05
i love google translator too d good day mate,Positivo,0.6,0.0,0.413,1.1199997970834374e-05,7.67,Positivo,5.5800002883188426e-05,6.70000008540228e-05
reading on my new kindle,Positivo,0.0,0.0,1.0,8.000002708286047e-06,4.91,Neutral,6.249999569263309e-05,7.049999840091914e-05
my kindle came and i love it,Positivo,0.5,0.0,0.543,1.1399999493733048e-05,7.67,Positivo,7.51999905332923e-05,8.659999002702534e-05
loving my new kindle named her kendra in case u were wondering the cookbook is the tool cuz it tells u all the tricks best gift evr,Positivo,0.3,0.0,0.627,7.499998901039362e-06,5.26,Neutral,5.539999983739108e-05,6.289999873843044e-05
the real aig scandal,Negativo,0.0,0.5,0.508,8.899995009414852e-06,1.67,Negativo,6.049999501556158e-05,6.939999002497643e-05
obama is quite a good comedian check out his dinner speech on cnn very funny jokes,Positivo,0.5,0.0,0.488,7.199996616691351e-06,7.67,Positivo,5.0000002374872565e-05,5.7199998991563916e-05
barack obama shows his funny side gt gt great speech,Positivo,0.7,0.0,0.349,7.300011930055916e-06,7.6,Positivo,4.880000778939575e-05,5.6100019719451666e-05
i like this guy barack obama shows his funny side gt gt,Positivo,0.6,0.0,0.422,7.399998139590025e-06,7.67,Positivo,4.820000322069973e-05,5.560000136028975e-05
obama s speech was pretty awesome last night,Positivo,0.6,0.0,0.407,7.499998901039362e-06,7.67,Positivo,4.8300003982149065e-05,5.5800002883188426e-05
reading bill clinton fail obama win,Positivo,0.3,0.3,0.354,7.800001185387373e-06,4.61,Neutral,5.7900004321709275e-05,6.570000550709665e-05
obama more popular than u s among arabs survey president barack obama s popularity in leading arab countries,Positivo,0.3,0.0,0.677,7.299997378140688e-06,5.26,Neutral,5.3499999921768904e-05,6.079999729990959e-05
obama s got jokes haha just got to watch a bit of his after dinner speech from last night I am in love with mr president,Positivo,0.3,0.0,0.685,7.200011168606579e-06,5.26,Neutral,5.329999839887023e-05,6.050000956747681e-05
lebron james got in a car accident i guess just heard it on evening news wow i cant believe it will he be ok,Negativo,0.2,0.1,0.664,7.599999662488699e-06,4.88,Neutral,5.570000212173909e-05,6.330000178422779e-05
is it me or is this the best the playoffs have been in years oh yea lebron and melo in the finals,Positivo,0.2,0.0,0.833,7.199996616691351e-06,4.98,Neutral,6.229999416973442e-05,6.949999078642577e-05
no lebron is the best,Positivo,0.4,0.2,0.319,7.700000423938036e-06,5.12,Neutral,5.5199998314492404e-05,6.289999873843044e-05
lebron is cool i like his personality he has good character,Positivo,0.5,0.0,0.476,7.700000423938036e-06,7.67,Positivo,4.9299997044727206e-05,5.699999746866524e-05
watching lebron highlights damn that niggas good,Positivo,0.2,0.4,0.333,7.399998139590025e-06,3.99,Neutral,5.2400006097741425e-05,5.980000423733145e-05
lebron is murdering shit,Positivo,0.0,0.8,0.202,7.399998139590025e-06,1.86,Negativo,4.9299997044727206e-05,5.669999518431723e-05
lebron is a monsta and he is only smh the world ain t ready,Positivo,0.2,0.2,0.676,7.700000423938036e-06,4.61,Neutral,5.810000584460795e-05,6.580000626854599e-05
when lebron is done in the nba he will probably be greater than kobe like u said kobe is good but there alot of good players,Positivo,0.3,0.0,0.693,7.599999662488699e-06,5.26,Neutral,5.360000068321824e-05,6.120000034570694e-05
kobe is good bt lebron has my vote,Positivo,0.3,0.0,0.707,7.199996616691351e-06,5.26,Neutral,5.40999899385497e-05,6.129998655524105e-05
kobe is the best in the world not lebron,Negativo,0.3,0.0,0.656,7.200011168606579e-06,5.26,Neutral,5.370000144466758e-05,6.090001261327416e-05
world cup access damn that s a good look,Positivo,0.3,0.3,0.472,7.499998901039362e-06,4.61,Neutral,6.160000339150429e-05,6.910000229254365e-05
just bought my tickets for the fifa world cup in south africa its going to be a great summer,Positivo,0.2,0.0,0.806,7.399998139590025e-06,4.98,Neutral,5.5199998314492404e-05,6.259999645408243e-05
i have to go to booz allen hamilton for a hr meeting but then i get to go home,Negativo,0.0,0.0,1.0,7.099995855242014e-06,4.91,Neutral,6.019999273121357e-05,6.729998858645558e-05
the great indian tamasha truly will unfold from may the result day for indian general election,Positivo,0.3,0.0,0.667,7.399998139590025e-06,5.26,Neutral,5.5199998314492404e-05,6.259999645408243e-05
i have the kindle I have seen pictures of the dx but have not seen it in person i love my kindle I am on it everyday,Positivo,0.2,0.1,0.717,7.599999662488699e-06,4.88,Neutral,6.210000719875097e-05,6.970000686123967e-05
such an awesome idea the continual learning program with a kindle,Positivo,0.3,0.0,0.687,7.299997378140688e-06,5.26,Neutral,5.539999983739108e-05,6.269999721553177e-05
ooooh what model are you getting i have the d and love love love love it,Positivo,0.6,0.0,0.373,7.400012691505253e-06,7.67,Positivo,4.8900008550845087e-05,5.630002124235034e-05
the times of india the wonder that is india s election,Positivo,0.0,0.0,1.0,7.099995855242014e-06,4.91,Neutral,6.050000956747681e-05,6.760000542271882e-05
good video from google on using search options,Positivo,0.3,0.0,0.707,7.399998139590025e-06,5.26,Neutral,5.289999535307288e-05,6.029999349266291e-05
lol ah my skin is itchy damn lawnmowing,Negativo,0.2,0.4,0.397,7.599999662488699e-06,3.99,Neutral,5.599998985417187e-05,6.359998951666057e-05
itchy back dont ya hate it,Negativo,0.3,0.2,0.44,7.599999662488699e-06,4.79,Neutral,5.230000533629209e-05,5.990000499878079e-05
stanford charity fashion show a top draw,Positivo,0.5,0.0,0.465,7.399998139590025e-06,7.67,Positivo,4.910001007374376e-05,5.6500008213333786e-05
stanford university s facebook profile is one of the most popular official university pages,Positivo,0.2,0.0,0.795,7.199996616691351e-06,4.98,Neutral,5.499999679159373e-05,6.219999340828508e-05
lyx is cool,Positivo,0.5,0.0,0.465,7.499998901039362e-06,7.67,Positivo,5.849999433849007e-05,6.599999323952943e-05
sooo dissapointed they sent danny gokey home you still rock danny my hometown hero yeah milrockee,Positivo,0.3,0.0,0.707,7.199996616691351e-06,5.26,Neutral,5.630000669043511e-05,6.350000330712646e-05
rt american idol fashion adam lambert tones down danny gokey cute,Positivo,0.2,0.0,0.769,7.099995855242014e-06,4.98,Neutral,5.709999823011458e-05,6.419999408535659e-05
i love you danny gokey,Positivo,0.6,0.0,0.417,1.6399993910454214e-05,7.67,Positivo,4.8900008550845087e-05,6.53000024612993e-05
so tired i did not sleep well at all last night,Negativo,0.0,0.4,0.615,7.499998901039362e-06,3.09,Negativo,6.439999560825527e-05,7.189999450929463e-05
boarding plane for san francisco in hour hr flight blech,Negativo,0.0,0.0,1.0,7.099995855242014e-06,4.91,Neutral,6.02000072831288e-05,6.730000313837081e-05
bonjour san francisco my back hurts from last night,Negativo,0.0,0.3,0.721,7.599999662488699e-06,3.99,Neutral,5.160000000614673e-05,5.919999966863543e-05
with my best girl for a few more hours in san francisco mmmmmfamily is wonderful,Positivo,0.4,0.0,0.603,7.700000423938036e-06,5.87,Neutral,5.4799995268695056e-05,6.249999569263309e-05
f up big or go home aig,Negativo,0.0,0.0,1.0,7.099995855242014e-06,4.91,Neutral,6.760000542271882e-05,7.470000127796084e-05
went to see the star trek movie last night very satisfying,Positivo,0.2,0.0,0.752,7.099995855242014e-06,4.98,Neutral,5.5500000598840415e-05,6.259999645408243e-05
i cannot wait going to see star trek tonight,Positivo,0.0,0.0,1.0,6.800008122809231e-06,4.91,Neutral,5.869999586138874e-05,6.550000398419797e-05
star trek was as good as everyone said,Positivo,0.3,0.0,0.707,7.399998139590025e-06,5.26,Neutral,5.3499999921768904e-05,6.089999806135893e-05
am loving new malcolm gladwell book outliers,Positivo,0.4,0.0,0.606,7.299997378140688e-06,5.87,Neutral,5.5500000598840415e-05,6.27999979769811e-05
i highly recommend malcolm gladwell s the tipping point my next audiobook will probably be one of his as well,Positivo,0.2,0.0,0.766,7.499998901039362e-06,4.98,Neutral,5.77000027988106e-05,6.520000169984996e-05
malcolm gladwell is a genius at tricking people into not realizing he is a fucking idiot,Negativo,0.1,0.2,0.719,7.700000423938036e-06,4.52,Neutral,5.389998841565102e-05,6.159998883958906e-05
hey no offense but malcolm gladwell is a pretenious annoying cunt and he brings you down cant read his shit,Negativo,0.1,0.4,0.486,7.700000423938036e-06,3.09,Negativo,5.300001066643745e-05,6.070001109037548e-05
rt great article by malcolm gladwell,Positivo,0.5,0.0,0.549,8.899995009414852e-06,7.67,Positivo,4.7599998652003706e-05,5.649999366141856e-05
i seriously underestimated malcolm gladwell i want to meet this dude,Positivo,0.1,0.3,0.541,8.399991202168167e-06,3.99,Neutral,5.5199998314492404e-05,6.359998951666057e-05
i hate comcast right now everything is down cable internet amp phone ughh what am i to do,Negativo,0.0,0.2,0.802,8.100003469735384e-06,4.52,Neutral,5.289999535307288e-05,6.0999998822808266e-05
comcast sucks,Negativo,0.0,0.7,0.286,8.100003469735384e-06,1.86,Negativo,4.9300011596642435e-05,5.740001506637782e-05
the day i never have to deal with comcast again will rank as one of the best days of my life,Negativo,0.2,0.0,0.819,7.800001185387373e-06,4.98,Neutral,5.360000068321824e-05,6.140000186860561e-05
did comcast fail again,Negativo,0.0,0.5,0.462,8.200004231184721e-06,1.67,Negativo,5.7900004321709275e-05,6.6100008552894e-05
curses the twitter api limit,Negativo,0.0,0.0,1.0,7.499998901039362e-06,4.91,Neutral,5.980000423733145e-05,6.730000313837081e-05
now i can see why dave winer screams about lack of twitter api its limitations and access throttles,Negativo,0.0,0.2,0.769,8.000002708286047e-06,4.52,Neutral,5.259999306872487e-05,6.059999577701092e-05
arg twitter api is making me crazy,Negativo,0.0,0.3,0.714,8.099988917820156e-06,3.99,Neutral,5.149999924469739e-05,5.959998816251755e-05
I am really loving the new search site wolfram alpha makes google seem so quaint,Positivo,0.2,0.0,0.756,7.90000194683671e-06,4.98,Neutral,5.3800002206116915e-05,6.170000415295362e-05
wolfram alpha sucks even for researchers the information provided is less than you can get from google or wikipedia totally useless,Negativo,0.0,0.2,0.773,8.100003469735384e-06,4.52,Neutral,5.77000027988106e-05,6.580000626854599e-05
off to the nike factory,Positivo,0.0,0.0,1.0,7.700000423938036e-06,4.91,Neutral,6.049999501556158e-05,6.819999543949962e-05
new nike muppet commercials are pretty cute why do we live together again,Positivo,0.4,0.0,0.64,8.000002708286047e-06,5.87,Neutral,5.459999374579638e-05,6.259999645408243e-05
oh those are awesome i so wish they were not owned by nike,Negativo,0.4,0.0,0.568,8.000002708286047e-06,5.87,Neutral,5.420000525191426e-05,6.220000796020031e-05
awesome seeing the show friday at the shoreline amphitheatre never seen nin before cannot wait,Positivo,0.2,0.0,0.773,8.000002708286047e-06,4.98,Neutral,5.909999890718609e-05,6.710000161547214e-05
arhh it is weka bug and i spent almost two hours to find that out crappy me,Negativo,0.0,0.2,0.806,8.100003469735384e-06,4.52,Neutral,5.390000296756625e-05,6.200000643730164e-05
hey bud np i do so love my d although I would love a d mkii more,Positivo,0.6,0.0,0.441,9.199997293762863e-06,7.67,Positivo,4.719999560620636e-05,5.639999289996922e-05
just got us a d for the office d,Positivo,0.0,0.0,1.0,7.099995855242014e-06,4.91,Neutral,5.869999586138874e-05,6.579999171663076e-05
just picked up my new canon d it is beautiful prepare for some seriously awesome photography,Positivo,0.4,0.1,0.553,9.100011084228754e-06,5.67,Neutral,6.259999645408243e-05,7.170000753831118e-05
just got my new toy canon d love love love it,Positivo,0.6,0.0,0.357,7.299997378140688e-06,7.67,Positivo,4.859999171458185e-05,5.5899989092722535e-05
learning about lambda calculus,Positivo,0.0,0.0,1.0,6.800008122809231e-06,4.91,Neutral,5.8999998145736754e-05,6.580000626854599e-05
I am moving to east palo alto,Positivo,0.0,0.0,1.0,6.999995093792677e-06,4.91,Neutral,5.9300000430084765e-05,6.629999552387744e-05
atebits i just finished watching your stanford iphone class session i really appreciate it you rock,Positivo,0.2,0.0,0.813,7.499998901039362e-06,4.98,Neutral,6.289999873843044e-05,7.03999976394698e-05
hi just saw your stanford talk and really liked your advice just saying hi from singapore yes the videos do get around,Positivo,0.2,0.0,0.775,7.400012691505253e-06,4.98,Neutral,5.4499992984347045e-05,6.19000056758523e-05
lakers tonight let s go,Positivo,0.0,0.0,1.0,6.999995093792677e-06,4.91,Neutral,5.810000584460795e-05,6.510000093840063e-05
will the lakers kick the nuggets ass tonight,Positivo,0.0,0.3,0.667,7.499998901039362e-06,3.99,Neutral,5.160000000614673e-05,5.909999890718609e-05
oooooooh north korea is in troubleeeee,Negativo,0.0,0.0,1.0,7.000009645707905e-06,4.91,Neutral,6.609999400097877e-05,7.310000364668667e-05
wat the heck is north korea doing they just conducted powerful nuclear tests follow the link,Negativo,0.2,0.0,0.843,7.499998901039362e-06,4.98,Neutral,5.4499992984347045e-05,6.199999188538641e-05
listening to obama friggin north korea,Negativo,0.0,0.0,1.0,7.199996616691351e-06,4.91,Neutral,5.849999433849007e-05,6.569999095518142e-05
i just realized we three monkeys in the white obama biden pelosi sarah palin,Negativo,0.0,0.0,1.0,7.000009645707905e-06,4.91,Neutral,5.950000195298344e-05,6.650001159869134e-05
pelosi should stay in china and never come back,Negativo,0.0,0.0,1.0,7.199996616691351e-06,4.91,Neutral,6.559999019373208e-05,7.279998681042343e-05
nancy pelosi gave the worst commencement speech I have ever heard yes I am still bitter about this,Negativo,0.1,0.3,0.575,7.800001185387373e-06,3.99,Neutral,5.3499999921768904e-05,6.130000110715628e-05
ugh the amount of times these stupid insects have bitten me grr,Negativo,0.0,0.4,0.617,8.000002708286047e-06,3.09,Negativo,5.360000068321824e-05,6.160000339150429e-05
prettiest insects ever pink katydids,Positivo,0.5,0.0,0.519,7.299997378140688e-06,7.67,Positivo,4.769999941345304e-05,5.499999679159373e-05
just got barraged by a horde of insects hungry for my kitchen light so scary,Negativo,0.0,0.2,0.76,7.299997378140688e-06,4.52,Neutral,5.18000015290454e-05,5.909999890718609e-05
just had mcdonalds for dinner d it was goooood big mac meal,Positivo,0.0,0.0,1.0,6.900008884258568e-06,4.91,Neutral,6.150000263005495e-05,6.840001151431352e-05
ahh yes lol ima tell my hubby to go get me sum mcdonalds,Positivo,0.3,0.0,0.667,7.199996616691351e-06,5.26,Neutral,5.2700008382089436e-05,5.990000499878079e-05
stopped to have lunch at mcdonalds chicken nuggetssss yummmmmy,Positivo,0.0,0.2,0.808,7.100010407157242e-06,4.52,Neutral,5.2700008382089436e-05,5.980001878924668e-05
could go for a lot of mcdonalds i mean a lot,Positivo,0.0,0.0,1.0,6.89999433234334e-06,4.91,Neutral,5.889999738428742e-05,6.579999171663076e-05
my exam went good your prayers worked,Positivo,0.3,0.0,0.674,7.399998139590025e-06,5.26,Neutral,6.079999729990959e-05,6.819999543949962e-05
only one exam left and i am so happy for it would,Positivo,0.3,0.0,0.678,7.200011168606579e-06,5.26,Neutral,5.4800009820610285e-05,6.200002098921686e-05
math review im going to fail the exam,Negativo,0.0,0.3,0.667,7.199996616691351e-06,3.99,Neutral,7.409999670926481e-05,8.129999332595617e-05
colin powell rocked yesterday on cbs cheney needs to shut the hell up and go home powell is a man of honor and served our country proudly,Negativo,0.2,0.1,0.669,7.599999662488699e-06,4.88,Neutral,5.269999383017421e-05,6.029999349266291e-05
obviously not siding with cheney here,Negativo,0.0,0.0,1.0,6.800008122809231e-06,4.91,Neutral,6.61999947624281e-05,7.300000288523734e-05
absolutely hilarious from,Positivo,0.6,0.0,0.401,7.199996616691351e-06,7.67,Positivo,5.099999543745071e-05,5.819999205414206e-05
i never did thank you for including me in your top twitter authors you rock amp i new wave d,Positivo,0.1,0.1,0.793,7.700000423938036e-06,4.81,Neutral,5.6899996707215905e-05,6.459999713115394e-05
rt awesome jquery reference book for coda webdesign,Positivo,0.4,0.0,0.631,7.299997378140688e-06,5.87,Neutral,5.499999679159373e-05,6.229999416973442e-05
I have been sending e mails like crazy today to my contacts does anyone have a contact at goodby silverstein I would love to speak to them,Positivo,0.2,0.1,0.687,7.299997378140688e-06,4.88,Neutral,6.050000956747681e-05,6.78000069456175e-05
goodby silverstein s new site i enjoy it,Positivo,0.4,0.0,0.61,7.099995855242014e-06,5.87,Neutral,5.5800002883188426e-05,6.289999873843044e-05
wow everyone at the google i o conference got free g s with a month of unlimited service,Positivo,0.4,0.0,0.608,7.199996616691351e-06,5.87,Neutral,5.4499992984347045e-05,6.16999896010384e-05
dood i got a free google android phone at the i o conference the g,Positivo,0.3,0.0,0.732,7.299997378140688e-06,5.26,Neutral,5.259999306872487e-05,5.989999044686556e-05
the g is amazing btw a huge improvement over the g,Positivo,0.6,0.0,0.355,7.199996616691351e-06,7.67,Positivo,4.8300003982149065e-05,5.5500000598840415e-05
html demos lots of great stuff to come yes I am excited io googleio,Positivo,0.5,0.0,0.521,7.399998139590025e-06,7.67,Positivo,5.299999611452222e-05,6.0399994254112244e-05
yay happy place place place i love google,Positivo,0.7,0.0,0.261,7.399998139590025e-06,7.6,Positivo,4.810000245925039e-05,5.5500000598840415e-05
googleio o d bringing d graphics to the browser very nice tbh funfun,Positivo,0.3,0.0,0.744,7.099995855242014e-06,5.26,Neutral,5.319999763742089e-05,6.029999349266291e-05
awesome viral marketing for funny people,Positivo,0.6,0.0,0.364,7.399998139590025e-06,7.67,Positivo,4.839999019168317e-05,5.57999883312732e-05
saw night at the museum out of sheer desperation who is funding these movies,Negativo,0.0,0.2,0.812,7.399998139590025e-06,4.52,Neutral,6.370000483002514e-05,7.110000296961516e-05
night at the museum pretty furkin good,Positivo,0.6,0.0,0.45,7.199996616691351e-06,7.67,Positivo,4.850000550504774e-05,5.570000212173909e-05
watching night at the museum giggling,Positivo,0.3,0.0,0.667,7.199996616691351e-06,5.26,Neutral,5.1700000767596066e-05,5.889999738428742e-05
back from seeing star trek and night at the museum star trek was amazing but night at the museum was eh,Negativo,0.1,0.0,0.893,7.200011168606579e-06,4.91,Neutral,5.629999213851988e-05,6.350000330712646e-05
just watched night at the museum so stinkin cute,Positivo,0.3,0.0,0.709,7.099995855242014e-06,5.26,Neutral,5.1700000767596066e-05,5.879999662283808e-05
so night at the museum was awesome much better than part next weekend we will see up,Positivo,0.3,0.0,0.682,7.099995855242014e-06,5.26,Neutral,5.539999983739108e-05,6.249999569263309e-05
saw the new night at the museum and i loved it next is to go see up in d,Positivo,0.2,0.0,0.804,7.100010407157242e-06,4.98,Neutral,5.439999222289771e-05,6.150000263005495e-05
it is a shame about gm what if they are forced to make only cars the white house thinks will sell what do you think,Negativo,0.0,0.2,0.783,7.099995855242014e-06,4.52,Neutral,5.2799994591623545e-05,5.989999044686556e-05
as u may have noticed not too happy about the gm situation nor aig lehman et al,Negativo,0.0,0.2,0.833,7.200011168606579e-06,4.52,Neutral,5.2100003813393414e-05,5.930001498199999e-05
gm good riddance sad though,Negativo,0.3,0.3,0.333,7.599999662488699e-06,4.61,Neutral,5.569998756982386e-05,6.329998723231256e-05
i will never buy a government motors vehicle until just recently i drove gm cars since when i bought a,Negativo,0.0,0.0,1.0,6.699992809444666e-06,4.91,Neutral,5.909999890718609e-05,6.579999171663076e-05
having the old coca cola guy on the gm board is stupid has heck tcot ala,Negativo,0.0,0.2,0.815,7.199996616691351e-06,4.52,Neutral,5.229999078437686e-05,5.949998740106821e-05
rantsandraves the worst thing about gm concord pleasant hill martinez is the fucking uaw,Negativo,0.2,0.2,0.619,7.700000423938036e-06,4.61,Neutral,5.09000092279166e-05,5.8600009651854634e-05
give a man a fish u feed him for the day teach him to fish u feed him for life buy him gm and u f k him over for good,Negativo,0.1,0.0,0.888,7.399998139590025e-06,4.91,Neutral,6.439999560825527e-05,7.179999374784529e-05
the more i hear about this gm thing the more angry i get billions wasted more bullshit all for something like k employees and all the,Negativo,0.1,0.3,0.587,7.499998901039362e-06,3.99,Neutral,5.329999839887023e-05,6.079999729990959e-05
i own a gm car and it is junk as far as quality compared to a honda,Negativo,0.0,0.0,1.0,6.700007361359894e-06,4.91,Neutral,5.9300000430084765e-05,6.600000779144466e-05
sad day bankrupt gm,Negativo,0.0,0.8,0.23,7.299997378140688e-06,1.86,Negativo,4.84000047435984e-05,5.570000212173909e-05
is upset about the whole gm thing life as i know it is so screwed up,Negativo,0.0,0.3,0.659,7.199996616691351e-06,3.99,Neutral,5.129999772179872e-05,5.849999433849007e-05
whoever is running time warner needs to be repeatedly raped by a rhino so they understand the consequences of putting out shitty cable svcs,Negativo,0.0,0.3,0.719,6.999995093792677e-06,3.99,Neutral,5.980000423733145e-05,6.679999933112413e-05
wftb joining a bit late my connection was down boo time warner,Negativo,0.0,0.0,1.0,6.700007361359894e-06,4.91,Neutral,6.0699996538460255e-05,6.740000389982015e-05
cox or time warner cox is cheaper and gets a b on dslreports tw is more expensive and gets a c,Negativo,0.0,0.0,1.0,1.0799994925037026e-05,4.91,Neutral,6.02000072831288e-05,7.100000220816582e-05
i am furious with time warner and their phone promotions,Negativo,0.0,0.3,0.684,7.599999662488699e-06,3.99,Neutral,5.200000305194408e-05,5.9600002714432776e-05
just got home from chick fil a with the boys damn my internets down stupid time warner,Negativo,0.0,0.3,0.697,7.099995855242014e-06,3.99,Neutral,5.4899996030144393e-05,6.199999188538641e-05
could time warner cable suck more no,Negativo,0.0,0.5,0.481,7.399998139590025e-06,1.67,Negativo,5.060000694356859e-05,5.800000508315861e-05
pissed at time warner for causin me to have slow internet problems,Negativo,0.0,0.4,0.592,7.199996616691351e-06,3.09,Negativo,5.440000677481294e-05,6.160000339150429e-05
ummm having some time warner problems,Negativo,0.0,0.4,0.649,6.999995093792677e-06,3.09,Negativo,5.339999916031957e-05,6.0399994254112244e-05
you guys see this why does time warner have to suck so much ass really wish i could get u verse at my apartment,Negativo,0.1,0.2,0.663,7.499998901039362e-06,4.52,Neutral,6.260001100599766e-05,7.010000990703702e-05
rt the upside to time warner unhelpful phone operators superslow on site service crap that s not an upside,Negativo,0.0,0.1,0.867,7.799986633472145e-06,4.81,Neutral,5.709999823011458e-05,6.489998486358672e-05
rt new time warner slogan time warner where we make you long for the days before cable,Negativo,0.0,0.0,1.0,6.699992809444666e-06,4.91,Neutral,5.9300000430084765e-05,6.599999323952943e-05
confirmed it is time warner s fault not facebook s that fb is taking about minutes to load so tempted to switch to verizon,Negativo,0.0,0.1,0.886,7.100010407157242e-06,4.81,Neutral,6.710000161547214e-05,7.420001202262938e-05
time warner epic fail,Negativo,0.0,0.5,0.462,7.499998901039362e-06,1.67,Negativo,6.129998655524105e-05,6.879998545628041e-05
i know how sad is that rt st day of hurricane season that s less scarey than govt taking over gm,Negativo,0.0,0.2,0.755,7.399998139590025e-06,4.52,Neutral,5.390000296756625e-05,6.130000110715628e-05
gm files bankruptcy not a good sign,Negativo,0.0,0.3,0.675,7.399998139590025e-06,3.99,Neutral,5.089999467600137e-05,5.8299992815591395e-05
yankees won mets lost its a good day,Positivo,0.5,0.2,0.31,7.599999662488699e-06,5.26,Neutral,5.160000000614673e-05,5.919999966863543e-05
my dentist appt today was actually quite enjoyable,Positivo,0.3,0.0,0.687,7.300011930055916e-06,5.26,Neutral,6.160000339150429e-05,6.89000153215602e-05
i hate the effing dentist,Negativo,0.0,0.6,0.448,7.199996616691351e-06,1.72,Negativo,5.3499999921768904e-05,6.0699996538460255e-05
i hate going to the dentist,Negativo,0.0,0.5,0.519,7.199996616691351e-06,1.67,Negativo,5.2100003813393414e-05,5.9300000430084765e-05
i hate the dentist who invented them anyways,Negativo,0.0,0.4,0.619,7.299997378140688e-06,3.09,Negativo,5.420000525191426e-05,6.150000263005495e-05
this dentist s office is cold,Negativo,0.0,0.0,1.0,6.799993570894003e-06,4.91,Neutral,6.70000008540228e-05,7.37999944249168e-05
just applied at safeway yeeeee,Positivo,0.0,0.0,1.0,6.700007361359894e-06,4.91,Neutral,6.980000762268901e-05,7.65000149840489e-05
safeway place is a nightmare right now bumming,Negativo,0.0,0.0,1.0,6.89999433234334e-06,4.91,Neutral,6.540000322274864e-05,7.229999755509198e-05
hate safeway select green tea icecream bought two cartons what a waste of money gt _ lt,Negativo,0.1,0.3,0.583,7.700000423938036e-06,3.99,Neutral,5.190000229049474e-05,5.9600002714432776e-05
nike rocks I am super grateful for what I have done with them amp the european division of nike is beyond,Positivo,0.3,0.0,0.711,7.299997378140688e-06,5.26,Neutral,6.0399994254112244e-05,6.769999163225293e-05
have you tried nike v addictive,Positivo,0.0,0.0,1.0,6.800008122809231e-06,4.91,Neutral,5.909999890718609e-05,6.590000702999532e-05
the nike training club beta iphone app looks very interesting,Positivo,0.2,0.0,0.75,7.199996616691351e-06,4.98,Neutral,5.4799995268695056e-05,6.199999188538641e-05
argghhhh why will not my jquery appear in safari bad safari,Negativo,0.0,0.3,0.741,2.0100007532164454e-05,3.99,Neutral,5.370000144466758e-05,7.380000897683203e-05
I am ready to drop the pretenses i am forever in love with jquery and i want to marry it sorry ladies this nerd is jquery spokenfor js,Positivo,0.2,0.2,0.583,7.599999662488699e-06,4.61,Neutral,5.189998773857951e-05,5.949998740106821e-05
super investors a great weekend read here from warren buffet oldie but a goodie,Positivo,0.3,0.0,0.667,7.099995855242014e-06,5.26,Neutral,5.609999061562121e-05,6.319998647086322e-05
reading michael palin book the python years great book i also recommend warren buffet amp nelson mandela s bio,Positivo,0.3,0.0,0.694,7.099995855242014e-06,5.26,Neutral,5.280000914353877e-05,5.990000499878079e-05
i mean I am down with notre dame if i have to it is a good school I would be closer to dan I would enjoy it,Positivo,0.2,0.0,0.757,7.100010407157242e-06,4.98,Neutral,5.360000068321824e-05,6.070001109037548e-05
i cannot watch tv without a tivo and after all these years the time warner dvr still sucks,Negativo,0.0,0.1,0.857,6.89999433234334e-06,4.81,Neutral,5.570000212173909e-05,6.259999645408243e-05
I would say some sports writers are idiots for saying roger federer is one of the best ever in tennis roger federer is the best ever in tennis,Positivo,0.3,0.0,0.749,7.200011168606579e-06,5.26,Neutral,6.130000110715628e-05,6.850001227576286e-05
i still love my kindle but reading the new york times on it does not feel natural i miss the bloomingdale ads,Negativo,0.2,0.1,0.71,7.499998901039362e-06,4.88,Neutral,5.2700008382089436e-05,6.02000072831288e-05
i love my kindle no more stacks of books to trip over on the way to the loo,Positivo,0.2,0.1,0.701,7.599999662488699e-06,4.88,Neutral,5.149999924469739e-05,5.909999890718609e-05
although today s keynote rocked for every great announcement at amp t shit on us just a little bit more,Negativo,0.2,0.2,0.661,7.499998901039362e-06,4.61,Neutral,5.0300004659220576e-05,5.780000356025994e-05
its not so much my obsession with cell phones but the iphone I am a slave to at amp t forever because of it,Negativo,0.0,0.1,0.916,7.200011168606579e-06,4.81,Neutral,6.910000229254365e-05,7.630001346115023e-05
fuzzball is more fun than at amp t p,Negativo,0.4,0.0,0.625,7.099995855242014e-06,5.87,Neutral,5.5800002883188426e-05,6.289999873843044e-05
today is a good day to dislike at amp t vote out of office indeed,Negativo,0.2,0.2,0.667,7.599999662488699e-06,4.61,Neutral,5.230000533629209e-05,5.990000499878079e-05
got my wave sandbox invite extra excited too bad i have class now but I will play with it soon enough io wave,Positivo,0.2,0.1,0.671,7.399998139590025e-06,4.88,Neutral,5.3499999921768904e-05,6.089999806135893e-05
looks like summize has gone down too many tweets from wwdc perhaps,Negativo,0.2,0.0,0.815,7.000009645707905e-06,4.98,Neutral,5.529999907594174e-05,6.230000872164965e-05
thanks so much from one of your very happy kindle winners i was so surprised fabulous thank you best kathleen,Positivo,0.7,0.0,0.342,6.999995093792677e-06,7.6,Positivo,5.1099996198900044e-05,5.809999129269272e-05
man i kinda dislike apple right now case in point the iphone gs wish there was a video recorder app please,Negativo,0.2,0.1,0.686,7.50001345295459e-06,4.88,Neutral,5.360000068321824e-05,6.110001413617283e-05
i have a kindle amp sony prs like it physical device feels good font is nice pg turns are snappy enuf ui a little klunky,Positivo,0.3,0.0,0.699,7.499998901039362e-06,5.26,Neutral,5.200000305194408e-05,5.950000195298344e-05
the kindle seems the best ereader but will it work in the uk and where can i get one,Positivo,0.1,0.0,0.867,6.89999433234334e-06,4.91,Neutral,5.6199991377070546e-05,6.309998570941389e-05
i have a google addiction thank you for pointing that out hahaha,Positivo,0.4,0.0,0.567,6.900008884258568e-06,5.87,Neutral,6.340000254567713e-05,7.03000114299357e-05
dearest you rich bastards the visa card you sent me does not work why screw a little guy like me,Negativo,0.4,0.1,0.488,1.2299991794861853e-05,5.67,Neutral,5.4100004490464926e-05,6.639999628532678e-05
excited about seeing bobby flay and guy fieri tomorrow at the great american food amp music fest,Positivo,0.3,0.0,0.698,7.299997378140688e-06,5.26,Neutral,5.2499992307275534e-05,5.979998968541622e-05
gonna go see bobby flay moro at shoreline eat and drink gonna be good,Positivo,0.2,0.0,0.818,7.299997378140688e-06,4.98,Neutral,5.220000457484275e-05,5.950000195298344e-05
cannot wait for the great american food and music festival at shoreline tomorrow mmm katz pastrami and bobby flay yes please,Positivo,0.4,0.0,0.58,7.099995855242014e-06,5.87,Neutral,6.16999896010384e-05,6.879998545628041e-05
my dad was in ny for a day we ate at mesa grill last night and met bobby flay so much fun except i completely lost my voice today,Positivo,0.1,0.1,0.802,7.599999662488699e-06,4.81,Neutral,5.840000812895596e-05,6.600000779144466e-05
fighting with latex again,Negativo,0.0,0.5,0.545,7.400012691505253e-06,1.67,Negativo,7.03999976394698e-05,7.780001033097506e-05
we love you too and do not want you to die latex the devil,Negativo,0.2,0.4,0.422,7.599999662488699e-06,3.99,Neutral,5.6900011259131134e-05,6.450001092161983e-05
hours hours of inkscape crashing normally solid as a rock hours of latex complaining at the slightest thing i cannot take any more,Negativo,0.1,0.1,0.848,7.599999662488699e-06,4.81,Neutral,5.640000745188445e-05,6.400000711437315e-05
shit s hitting the fan in iran craziness indeed iranelection,Negativo,0.2,0.4,0.414,7.499998901039362e-06,3.99,Neutral,5.2100003813393414e-05,5.9600002714432776e-05
monday already iran may implode kitchen is a disaster seems happy had a nice weekend and is great whoop,Negativo,0.4,0.1,0.469,7.599999662488699e-06,5.67,Neutral,6.0000005760230124e-05,6.760000542271882e-05
getting ready to test out some burger receipes this weekend bobby flay has some great receipes to try thanks bobby,Positivo,0.4,0.0,0.642,7.200011168606579e-06,5.87,Neutral,5.7199998991563916e-05,6.44000101601705e-05
i lam so in love with bobby flay he is my favorite rt you need a place in phoenix we have great peppers here,Positivo,0.4,0.0,0.621,7.099995855242014e-06,5.87,Neutral,5.4799995268695056e-05,6.189999112393707e-05
i just created my first latex file from scratch that did not work out very well see it is a great time waster,Negativo,0.3,0.0,0.679,7.199996616691351e-06,5.26,Neutral,5.229999078437686e-05,5.949998740106821e-05
using linux and loving it so much nicer than windows looking forward to using the wysiwyg latex editor,Positivo,0.3,0.0,0.693,7.300011930055916e-06,5.26,Neutral,5.2400006097741425e-05,5.970001802779734e-05
after using latex a lot any other typeset mathematics just looks hideous,Positivo,0.0,0.0,1.0,6.799993570894003e-06,4.91,Neutral,6.079999729990959e-05,6.75999908708036e-05
on that note i hate word i hate pages i hate latex there i said it i hate latex all you texn rds can come kill me now,Negativo,0.0,0.5,0.48,7.399998139590025e-06,1.67,Negativo,4.980000085197389e-05,5.7199998991563916e-05
ahhh back in a real text editing environment i lt latex,Positivo,0.0,0.0,1.0,7.199996616691351e-06,4.91,Neutral,5.830000736750662e-05,6.550000398419797e-05
trouble in iran i see hmm iran iran so far away flockofseagullsweregeopoliticallycorrect,Negativo,0.0,0.2,0.787,7.299997378140688e-06,4.52,Neutral,5.190000229049474e-05,5.919999966863543e-05
reading the tweets coming out of iran the whole thing is terrifying and incredibly sad,Negativo,0.0,0.4,0.647,7.199996616691351e-06,3.09,Negativo,6.189999112393707e-05,6.909998774062842e-05
